Plant Name_ Nom de l'usine,Plant Number_No. de l'usine,Address_Adresse,City_Ville,Province,Postal Code_Code postal,Telephone_Téléphone,Latitude,Longitude,Beef_Boeuf,"Buffalo,Yak_Bison, Yack","Veal, Light Calves_Veaux de boucherie, Veaux légers","Goats, Lamb, Sheep_Chèvres, Agneaux, Moutons","Deer, Elk_Cerfs, Élans ",Pigs_Porcs,"Chicken, Fowl_Poulet, Oiseaux de basse-cour",Turkeys_Dindes,"Ducks, Geese_Canards, Oies",Fancy Poultry_Volaille à chair fine,Rabbits_Lapins,"Emus, Ostrich, Rhea_Émeus, Autruches, Nandous","Alpaca, Llama_Alpaga, Lama",FSMP_ETVA,FP_ETVA avec abattoir,Animal Class_Catégorie d'animaux
DBA LEN & PATTI BUTCHER BLOCK,11,2133 Little Britain Rd,Lindsay,ON,K9V 4R2,(647) 460-5581,44.32503,-78.7492,1,1,1,1,1,1,0,0,0,0,0,0,1,0,1,"Alpaca_Alpaga, Llama_Lama, Beef_Boeuf, Bison_Bison, Water Buffalo_Buffle d’Inde, Elk_Élans, Deer_Cerfs, Goats_Chèvres, Lambs_Agneaux, Sheep_Moutons, Pigs_Porcs, Light Calves_Veaux légers, Veal_Veaux de boucherie, Heavy Calves_Veaux lourds, Beef-Dairy Calves_Veaux de boucherie ou de race laitière, Beef_Boeuf, FP (Further Processing)_Établissements de transformation des viandes avec abattoir"
Highland Packers Ltd.,14,432 Highland Road E,Stoney Creek,ON,L8J 3G4,(905) 662-8396,43.1715,-79.73486,1,0,1,1,0,1,0,0,0,0,0,0,0,0,1,"Beef-Dairy Calves_Veaux de boucherie ou de race laitière, Beef_Boeuf, Pigs_Porcs, Goats_Chèvres, Lambs_Agneaux, Sheep_Moutons, Light Calves_Veaux légers, Veal_Veaux de boucherie, Heavy Calves_Veaux lourds, Beef-Dairy Calves_Veaux de boucherie ou de race laitière, FP (Further Processing)_Établissements de transformation des viandes avec abattoir"
Ontario Halal Meat Packers,18,5593 Highway #25,Milton,ON,L9T 2X5,(905) 875-0270,43.48256,-79.82663,1,0,1,1,0,0,0,0,0,0,0,0,0,0,1,"Veal_Veaux de boucherie, Heavy Calves_Veaux lourds, Beef_Boeuf, Light Calves_Veaux légers, Lambs_Agneaux, Goats_Chèvres, Sheep_Moutons, FP (Further Processing)_Établissements de transformation des viandes avec abattoir"
Penokean Hills Farms,22,9450 Hwy 17E,Bruce Mines,ON,P0R 1C0,(705) 971-0506,46.30173,-83.7735,1,1,1,1,0,1,0,0,0,0,0,0,0,0,1,"Goats_Chèvres, Lambs_Agneaux, Sheep_Moutons, Pigs_Porcs, Heavy Calves_Veaux lourds, Beef-Dairy Calves_Veaux de boucherie ou de race laitière, Beef_Boeuf, Water Buffalo_Buffle d’Inde, FP (Further Processing)_Établissements de transformation des viandes avec abattoir"
Grey County Meats,25,Rr 1,Maxwell,ON,N0C 1J0,(519) 922-2400,44.30467,-80.4237,1,1,1,1,1,1,0,0,0,0,0,0,1,0,1,"Pigs_Porcs, Light Calves_Veaux légers, Veal_Veaux de boucherie, Heavy Calves_Veaux lourds, Beef-Dairy Calves_Veaux de boucherie ou de race laitière, Beef_Boeuf, Alpaca_Alpaga, Llama_Lama, Bison_Bison, Water Buffalo_Buffle d’Inde, Elk_Élans, Deer_Cerfs, Goats_Chèvres, Lambs_Agneaux, Sheep_Moutons, Pigs_Porcs, FP (Further Processing)_Établissements de transformation des viandes avec abattoir"
Burt Farm Country Meats,27,1295 Tenth Line,Gore Bay,ON,P0P 1H0,(705) 282-0328,45.91464,-82.36766,1,0,0,1,0,1,1,1,0,0,0,0,0,0,1,"Turkeys_Dindes, Beef_Boeuf, Chicken_Poulet, Lambs_Agneaux, Pigs_Porcs, Fowl_Oiseaux de basse-cour, FP (Further Processing)_Établissements de transformation des viandes avec abattoir"
Sunrise Halal Meat Packers Ltd.,30,5446 Sixteen Road,St. Anns,ON,L0R 1Y0,(416) 819-0270,43.07439,-79.49806,1,0,1,1,0,0,0,0,0,0,0,0,0,0,1,"Beef_Boeuf, Goats_Chèvres, Beef-Dairy Calves_Veaux de boucherie ou de race laitière, Heavy Calves_Veaux lourds, Veal_Veaux de boucherie, Light Calves_Veaux légers, Lambs_Agneaux, Sheep_Moutons, FP (Further Processing)_Établissements de transformation des viandes avec abattoir"
Louro Bros. Meats Ltd.,34,"1142 Reidsville Road, Rr 1",Ayr,ON,N0B 1E0,(519) 632-7364,43.28055,-80.42611,1,0,1,0,0,0,0,0,0,0,0,0,0,0,1,"Beef_Boeuf, Beef-Dairy Calves_Veaux de boucherie ou de race laitière, Heavy Calves_Veaux lourds, Veal_Veaux de boucherie, Light Calves_Veaux légers, Beef_Boeuf, FP (Further Processing)_Établissements de transformation des viandes avec abattoir"
Millgrove Packers Limited,40,"549 Conc. 5 W., Rr 2",Waterdown,ON,L8B 0L5,(905) 689-6184,43.3333,-79.9816,1,0,1,1,0,1,0,0,0,0,0,0,0,0,1,"Pigs_Porcs, Goats_Chèvres, Lambs_Agneaux, Sheep_Moutons, Veal_Veaux de boucherie, Heavy Calves_Veaux lourds, Beef-Dairy Calves_Veaux de boucherie ou de race laitière, Beef_Boeuf, Beef_Boeuf, FP (Further Processing)_Établissements de transformation des viandes avec abattoir"
Hank Dekoning Limited,51,"1768 Hwy 6 South, Rr 1",Port Dover,ON,N0A 1N3,(519) 583-0115,42.81907,-80.14974,1,1,1,1,0,1,0,0,0,0,0,0,0,0,1,"Pigs_Porcs, Beef_Boeuf, Sheep_Moutons, Lambs_Agneaux, Goats_Chèvres, Water Buffalo_Buffle d’Inde, Light Calves_Veaux légers, Veal_Veaux de boucherie, Heavy Calves_Veaux lourds, Beef-Dairy Calves_Veaux de boucherie ou de race laitière, Pigs_Porcs, FP (Further Processing)_Établissements de transformation des viandes avec abattoir"
V. G. Packers Limited,52,"966 Concession 6 Woodhouse, Rr 5",Simcoe,ON,N3Y 4K4,(519) 426-2000,42.84599,-80.22095,1,0,0,1,0,1,0,0,0,0,1,0,0,0,1,"Pigs_Porcs, Sheep_Moutons, Lambs_Agneaux, Goats_Chèvres, Rabbits_Lapins, Beef_Boeuf, Beef_Boeuf, FP (Further Processing)_Établissements de transformation des viandes avec abattoir"
Townsend Butchers Inc.,58,419 Conc. 14 East,Simcoe,ON,N3Y 4K3,(519) 426-6750,42.86357,-80.2755,1,1,1,1,1,1,0,0,0,0,0,0,1,0,1,"Pigs_Porcs, Alpaca_Alpaga, Yak_Yacks, Llama_Lama, Bison_Bison, Water Buffalo_Buffle d’Inde, Deer_Cerfs, Goats_Chèvres, Lambs_Agneaux, Sheep_Moutons, Light Calves_Veaux légers, Veal_Veaux de boucherie, Heavy Calves_Veaux lourds, Beef-Dairy Calves_Veaux de boucherie ou de race laitière, Beef_Boeuf, Beef_Boeuf, FP (Further Processing)_Établissements de transformation des viandes avec abattoir"
Peel Sausage Inc.,61,7860 6Th Line,Drayton,ON,N0G 1P0,(519) 638-3446,43.70078,-80.68116,1,1,1,1,1,0,0,0,0,0,0,0,1,0,1,"Alpaca_Alpaga, Sheep_Moutons, Bison_Bison, Water Buffalo_Buffle d’Inde, Elk_Élans, Deer_Cerfs, Goats_Chèvres, Lambs_Agneaux, Beef_Boeuf, Beef-Dairy Calves_Veaux de boucherie ou de race laitière, Heavy Calves_Veaux lourds, Veal_Veaux de boucherie, Light Calves_Veaux légers, Llama_Lama, FP (Further Processing)_Établissements de transformation des viandes avec abattoir"
Charles Quality Meats,65,"1476 Wilby Road, Rr 1",Wilmot,ON,N0B 2L0,(519) 886-7931,43.44871,-80.62474,1,0,1,1,0,0,0,0,0,0,1,0,0,0,1,"Rabbits_Lapins, Goats_Chèvres, Lambs_Agneaux, Sheep_Moutons, Light Calves_Veaux légers, Beef_Boeuf, Heavy Calves_Veaux lourds, Beef-Dairy Calves_Veaux de boucherie ou de race laitière, Light Calves_Veaux légers, FP (Further Processing)_Établissements de transformation des viandes avec abattoir"
Miedema's Meat Market Ltd,68,"129 Huron Street, Po Box 389",Embro,ON,N0J 1J0,(519) 475-4010,43.15498,-80.90137,1,1,0,1,0,1,0,0,0,0,0,0,0,0,1,"Water Buffalo_Buffle d’Inde, Goats_Chèvres, Lambs_Agneaux, Sheep_Moutons, Pigs_Porcs, Beef_Boeuf, Beef_Boeuf, FP (Further Processing)_Établissements de transformation des viandes avec abattoir"
The Beef Way,72,2034 Hwy 21,Kincardine,ON,N2Z 2X4,(519) 440-7720,44.2022,-81.59563,1,0,1,1,0,1,0,0,0,0,0,0,0,0,1,"Pigs_Porcs, Sheep_Moutons, Lambs_Agneaux, Goats_Chèvres, Light Calves_Veaux légers, Veal_Veaux de boucherie, Heavy Calves_Veaux lourds, Beef-Dairy Calves_Veaux de boucherie ou de race laitière, Beef_Boeuf, Beef_Boeuf, FP (Further Processing)_Établissements de transformation des viandes avec abattoir"
Norwich Packers Ltd.,75,11 Robson Street,Norwich,ON,N0J 1P0,(519) 468-3617,42.97754,-80.59832,1,1,1,0,0,0,0,0,0,0,0,0,1,0,1,"Beef_Boeuf, Veal_Veaux de boucherie, Water Buffalo_Buffle d’Inde, Alpaca_Alpaga, Veal_Veaux de boucherie, FP (Further Processing)_Établissements de transformation des viandes avec abattoir"
Willie's Meats Ltd.,82,"2387 4Th Conc. West, Rr 1",Troy,ON,L0R 2B0,(519) 647-3160,43.27888,-80.20132,1,0,1,1,0,1,0,0,0,0,1,0,1,0,1,"Beef_Boeuf, Rabbits_Lapins, Llama_Lama, Goats_Chèvres, Lambs_Agneaux, Sheep_Moutons, Pigs_Porcs, Light Calves_Veaux légers, Veal_Veaux de boucherie, Heavy Calves_Veaux lourds, Beef-Dairy Calves_Veaux de boucherie ou de race laitière, Beef_Boeuf, FP (Further Processing)_Établissements de transformation des viandes avec abattoir"
2573508 Ontario Inc.,87,"223 Mcwatty Road, Po Box 51",Pakenham,ON,K0A 2X0,(613) 624-5222,45.1919,-76.1749,1,1,1,1,1,0,0,0,0,0,0,0,0,0,1,"Deer_Cerfs, Goats_Chèvres, Bison_Bison, Beef_Boeuf, Beef-Dairy Calves_Veaux de boucherie ou de race laitière, Heavy Calves_Veaux lourds, Veal_Veaux de boucherie, Light Calves_Veaux légers, Sheep_Moutons, Lambs_Agneaux, FP (Further Processing)_Établissements de transformation des viandes avec abattoir"
Johnson Meats,88,"49801 Glen Colin Line, Rr 4",Aylmer,ON,N5H 2R3,(519) 773-9208,42.79246,-80.96908,1,0,1,1,0,1,0,0,0,0,0,0,0,0,1,"Beef_Boeuf, Beef-Dairy Calves_Veaux de boucherie ou de race laitière, Heavy Calves_Veaux lourds, Veal_Veaux de boucherie, Light Calves_Veaux légers, Pigs_Porcs, Sheep_Moutons, Lambs_Agneaux, Goats_Chèvres, Beef_Boeuf, FP (Further Processing)_Établissements de transformation des viandes avec abattoir"
Smelser Meats,92,"4643 Highway #3, Rr 4",Cayuga,ON,N0A 1E0,(905) 772-5053,42.94217,-79.89382,1,1,1,1,0,1,0,0,0,0,0,0,1,0,1,"Pigs_Porcs, Beef_Boeuf, Beef-Dairy Calves_Veaux de boucherie ou de race laitière, Heavy Calves_Veaux lourds, Veal_Veaux de boucherie, Light Calves_Veaux légers, Sheep_Moutons, Lambs_Agneaux, Llama_Lama, Bison_Bison, Water Buffalo_Buffle d’Inde, Goats_Chèvres, FP (Further Processing)_Établissements de transformation des viandes avec abattoir"
Gord's Abattoir Inc.,94,643 Hwy 77,Leamington,ON,N8H 3V8,(519) 326-2503,42.1035,-82.60276,1,1,1,1,0,1,0,0,0,0,0,0,0,0,1,"Beef_Boeuf, Beef-Dairy Calves_Veaux de boucherie ou de race laitière, Heavy Calves_Veaux lourds, Veal_Veaux de boucherie, Light Calves_Veaux légers, Pigs_Porcs, Sheep_Moutons, Lambs_Agneaux, Goats_Chèvres, Water Buffalo_Buffle d’Inde, Bison_Bison, Beef_Boeuf, FP (Further Processing)_Établissements de transformation des viandes avec abattoir"
Weiland Meats Ltd.,95,340 Centre Street,Petrolia,ON,N0N 1R0,(519) 882-1215,42.88545,-82.14834,1,0,1,1,0,1,0,0,0,0,1,1,0,0,1,"Lambs_Agneaux, Sheep_Moutons, Pigs_Porcs, Beef-Dairy Calves_Veaux de boucherie ou de race laitière, Beef_Boeuf, Rabbits_Lapins, Ratites, Goats_Chèvres, FP (Further Processing)_Établissements de transformation des viandes avec abattoir"
Mount Brydges Abattoir Ltd.,98,21618 Adelaide Road,Mount Brydges,ON,N0L 1W0,(519) 264-1873,42.9036,-81.43809,1,1,1,1,0,1,0,0,0,0,0,0,0,0,1,"Pigs_Porcs, Beef_Boeuf, Light Calves_Veaux légers, Veal_Veaux de boucherie, Heavy Calves_Veaux lourds, Beef-Dairy Calves_Veaux de boucherie ou de race laitière, Sheep_Moutons, Lambs_Agneaux, Goats_Chèvres, Water Buffalo_Buffle d’Inde, Bison_Bison, Pigs_Porcs, FP (Further Processing)_Établissements de transformation des viandes avec abattoir"
Caledon Halal Meat Packers Inc.,104,8070 Old Church Road,Bolton,ON,L7E 0N7,(905) 880-9888,43.91038,-79.82197,1,0,1,1,0,0,0,0,0,0,0,0,1,0,1,"Llama_Lama, Goats_Chèvres, Beef_Boeuf, Beef-Dairy Calves_Veaux de boucherie ou de race laitière, Heavy Calves_Veaux lourds, Veal_Veaux de boucherie, Light Calves_Veaux légers, Sheep_Moutons, Lambs_Agneaux, Beef_Boeuf, FP (Further Processing)_Établissements de transformation des viandes avec abattoir"
Highgate Tender Meats Ltd.,109,14680 Hastings Line,Highgate,ON,N0P 1T0,(519) 678-3383,42.5109,-81.8233,1,0,1,1,0,1,1,1,1,1,1,0,0,0,1,"Fancy Poultry_Volaille à chair fine, Ducks_Canards, Geese_Oies, Turkeys_Dindes, Fowl_Oiseaux de basse-cour, Chicken_Poulet, Rabbits_Lapins, Goats_Chèvres, Lambs_Agneaux, Sheep_Moutons, Pigs_Porcs, Beef_Boeuf, Beef-Dairy Calves_Veaux de boucherie ou de race laitière, Heavy Calves_Veaux lourds, Light Calves_Veaux légers, Beef-Dairy Calves_Veaux de boucherie ou de race laitière, FP (Further Processing)_Établissements de transformation des viandes avec abattoir"
Green's Meat Market And Abattoir Ltd.,117,237 Arthur Street,Wingham,ON,N0G 2W0,(519) 357-2912,43.8973,-81.3129,1,1,1,1,1,1,0,0,0,0,0,0,1,0,1,"Light Calves_Veaux légers, Veal_Veaux de boucherie, Heavy Calves_Veaux lourds, Beef-Dairy Calves_Veaux de boucherie ou de race laitière, Beef_Boeuf, Pigs_Porcs, Sheep_Moutons, Lambs_Agneaux, Goats_Chèvres, Deer_Cerfs, Bison_Bison, Llama_Lama, Alpaca_Alpaga, Pigs_Porcs, FP (Further Processing)_Établissements de transformation des viandes avec abattoir"
Country Fresh Packers Ltd.,123,4049 Bonneau Line,Tilbury,ON,N0P 2L0,(519) 682-2222,42.27084,-82.39,1,0,1,1,0,1,0,0,0,0,0,0,0,0,1,"Pigs_Porcs, Beef_Boeuf, Beef-Dairy Calves_Veaux de boucherie ou de race laitière, Heavy Calves_Veaux lourds, Goats_Chèvres, Lambs_Agneaux, Sheep_Moutons, Light Calves_Veaux légers, Light Calves_Veaux légers, FP (Further Processing)_Établissements de transformation des viandes avec abattoir"
Agram 2005 Meats Inc.,130,10676 Trafalgar Road,Georgetown,ON,L7G 4S5,(905) 877-6082,43.61909,-79.91417,1,1,1,1,1,0,0,0,0,0,0,0,1,0,1,"Llama_Lama, Alpaca_Alpaga, Water Buffalo_Buffle d’Inde, Elk_Élans, Deer_Cerfs, Goats_Chèvres, Lambs_Agneaux, Sheep_Moutons, Light Calves_Veaux légers, Veal_Veaux de boucherie, Heavy Calves_Veaux lourds, Beef-Dairy Calves_Veaux de boucherie ou de race laitière, Beef_Boeuf, Bison_Bison, FP (Further Processing)_Établissements de transformation des viandes avec abattoir"
Ken R. Mogk Butchering Inc.,134,"516702 East Zorra, 11Th Line  Rr 2",Tavistock,ON,N0B 2R0,(519) 462-2280 Ext. ex1,43.27023,-80.84817,1,0,1,1,0,1,0,0,0,0,0,0,0,0,1,"Beef_Boeuf, Lambs_Agneaux, Pigs_Porcs, Light Calves_Veaux légers, Veal_Veaux de boucherie, Heavy Calves_Veaux lourds, Beef-Dairy Calves_Veaux de boucherie ou de race laitière, Beef_Boeuf, FP (Further Processing)_Établissements de transformation des viandes avec abattoir"
Cloverbelt Country Meats Cooperative Inc.,135,60 Griffiths Road,Oxdrift,ON,P0V 2J0,(807) 937-6716,49.81231,-93.05,1,1,1,1,1,1,1,1,0,0,1,0,0,0,1,"Pigs_Porcs, Turkeys_Dindes, Beef_Boeuf, Beef-Dairy Calves_Veaux de boucherie ou de race laitière, Heavy Calves_Veaux lourds, Light Calves_Veaux légers, Fowl_Oiseaux de basse-cour, Chicken_Poulet, Rabbits_Lapins, Bison_Bison, Elk_Élans, Deer_Cerfs, Goats_Chèvres, Lambs_Agneaux, Sheep_Moutons, Pigs_Porcs, FP (Further Processing)_Établissements de transformation des viandes avec abattoir"
Walkerton Meat Market,137,"963 Old Durham Road, Rr 2",Walkerton,ON,N0G 2V0,(519) 881-0781,44.13625,-81.13492,1,0,1,0,0,0,0,0,0,0,0,0,0,0,0,"Beef_Boeuf, Beef-Dairy Calves_Veaux de boucherie ou de race laitière, Heavy Calves_Veaux lourds, Light Calves_Veaux légers"
Miedema's Country Meats,140,41130 Thames Road East,Exeter,ON,N0M 1S5,(519) 235-4978,43.3624,-81.47744,1,1,1,1,0,1,0,0,0,0,0,0,1,0,1,"Pigs_Porcs, Sheep_Moutons, Light Calves_Veaux légers, Veal_Veaux de boucherie, Heavy Calves_Veaux lourds, Beef-Dairy Calves_Veaux de boucherie ou de race laitière, Beef_Boeuf, Alpaca_Alpaga, Llama_Lama, Water Buffalo_Buffle d’Inde, Goats_Chèvres, Lambs_Agneaux, Pigs_Porcs, FP (Further Processing)_Établissements de transformation des viandes avec abattoir"
Harriston Packing Co. Ltd.,143,142 Arthur Street,Harriston,ON,N0G 1Z0,(519) 338-3330,43.91,-80.87654,1,0,1,1,0,1,0,0,0,0,0,0,0,0,1,"Pigs_Porcs, Beef-Dairy Calves_Veaux de boucherie ou de race laitière, Beef_Boeuf, Goats_Chèvres, Lambs_Agneaux, Sheep_Moutons, Pigs_Porcs, FP (Further Processing)_Établissements de transformation des viandes avec abattoir"
Stayner Meat Packers,148,"352 Warrington Road, Po Box 527",Stayner,ON,L0M 1S0,(226) 338-6980,44.40623,-80.05996,1,0,1,1,0,1,0,0,0,0,0,0,0,0,1,"Light Calves_Veaux légers, Goats_Chèvres, Lambs_Agneaux, Pigs_Porcs, Beef_Boeuf, Heavy Calves_Veaux lourds, Beef-Dairy Calves_Veaux de boucherie ou de race laitière, Beef_Boeuf, FP (Further Processing)_Établissements de transformation des viandes avec abattoir"
J J Meat Distributing Inc.,154,"14600 10Th Concession, Rr 3",Schomberg,ON,L0G 1T0,(905) 859-1540,43.93391,-79.68586,1,0,1,1,0,0,0,0,0,0,0,0,1,0,1,"Llama_Lama, Beef_Boeuf, Lambs_Agneaux, Sheep_Moutons, Veal_Veaux de boucherie, Heavy Calves_Veaux lourds, Beef-Dairy Calves_Veaux de boucherie ou de race laitière, Goats_Chèvres, FP (Further Processing)_Établissements de transformation des viandes avec abattoir"
Windcrest Meat Packers,158,1350 Scugog - 3Rd Line,Port Perry,ON,L9L 1B3,(905) 985-7267,44.05195,-78.95901,1,1,1,1,1,1,0,0,0,0,0,0,0,0,1,"Light Calves_Veaux légers, Veal_Veaux de boucherie, Heavy Calves_Veaux lourds, Beef-Dairy Calves_Veaux de boucherie ou de race laitière, Beef_Boeuf, Pigs_Porcs, Bison_Bison, Deer_Cerfs, Goats_Chèvres, Lambs_Agneaux, Sheep_Moutons, Pigs_Porcs, FP (Further Processing)_Établissements de transformation des viandes avec abattoir"
Sprucedale Meats,159,438 4Th Avene,Sprucedale,ON,P0A 1Y0,(705) 685-7747,45.49015,-79.46227,1,1,1,1,0,1,1,1,0,1,1,0,0,0,1,"Heavy Calves_Veaux lourds, Beef-Dairy Calves_Veaux de boucherie ou de race laitière, Beef_Boeuf, Fancy Poultry_Volaille à chair fine, Turkeys_Dindes, Fowl_Oiseaux de basse-cour, Chicken_Poulet, Rabbits_Lapins, Bison_Bison, Goats_Chèvres, Lambs_Agneaux, Sheep_Moutons, Pigs_Porcs, Light Calves_Veaux légers, Veal_Veaux de boucherie, Beef-Dairy Calves_Veaux de boucherie ou de race laitière, FP (Further Processing)_Établissements de transformation des viandes avec abattoir"
L & M Meat Distributing,161,2487 14Th Line,Gilford,ON,L0L 1R0,(905) 775-6775,44.19685,-79.60032,1,1,1,1,1,0,0,0,0,0,1,0,1,0,1,"Beef_Boeuf, Rabbits_Lapins, Alpaca_Alpaga, Llama_Lama, Water Buffalo_Buffle d’Inde, Elk_Élans, Deer_Cerfs, Goats_Chèvres, Lambs_Agneaux, Sheep_Moutons, Light Calves_Veaux légers, Veal_Veaux de boucherie, Heavy Calves_Veaux lourds, Beef-Dairy Calves_Veaux de boucherie ou de race laitière, Beef_Boeuf, FP (Further Processing)_Établissements de transformation des viandes avec abattoir"
Dufferin County Meats Inc.,162,335424 7Th Line,Amaranth,ON,L9V 1K6,(519) 939-8067,44.04497,-80.26897,1,1,1,1,1,0,0,0,0,0,0,0,1,0,1,"Deer_Cerfs, Lambs_Agneaux, Sheep_Moutons, Light Calves_Veaux légers, Veal_Veaux de boucherie, Heavy Calves_Veaux lourds, Beef-Dairy Calves_Veaux de boucherie ou de race laitière, Beef_Boeuf, Alpaca_Alpaga, Yak_Yacks, Llama_Lama, Bison_Bison, Water Buffalo_Buffle d’Inde, Elk_Élans, Goats_Chèvres, FP (Further Processing)_Établissements de transformation des viandes avec abattoir"
Abattoir LeFaivre,167,122 County Road 15*,Lefaivre,ON,K0B 1J0,(613) 679-4698,45.63683,-74.89871,1,1,1,1,1,1,0,0,0,0,0,0,1,0,1,"Beef_Boeuf, Pigs_Porcs, Alpaca_Alpaga, Yak_Yacks, Llama_Lama, Bison_Bison, Water Buffalo_Buffle d’Inde, Elk_Élans, Deer_Cerfs, Goats_Chèvres, Lambs_Agneaux, Sheep_Moutons, Light Calves_Veaux légers, Veal_Veaux de boucherie, Heavy Calves_Veaux lourds, Beef-Dairy Calves_Veaux de boucherie ou de race laitière, Beef_Boeuf, FP (Further Processing)_Établissements de transformation des viandes avec abattoir"
Elora Road Meats,172,"598 Bruce Road 3, Rr 1",Mildmay,ON,N0G 2J0,(519) 367-2261,44.07598,-81.18204,1,1,1,1,1,1,0,0,0,0,0,1,1,0,1,"Pigs_Porcs, Light Calves_Veaux légers, Veal_Veaux de boucherie, Heavy Calves_Veaux lourds, Beef-Dairy Calves_Veaux de boucherie ou de race laitière, Beef_Boeuf, Alpaca_Alpaga, Ratites, Llama_Lama, Bison_Bison, Water Buffalo_Buffle d’Inde, Elk_Élans, Deer_Cerfs, Goats_Chèvres, Lambs_Agneaux, Sheep_Moutons, Pigs_Porcs, FP (Further Processing)_Établissements de transformation des viandes avec abattoir"
Parkhill Meats Limited,174,3900 Elginfield Road,Parkhill,ON,N0M 2K0,(519) 701-1311,43.15438,-81.58,1,0,1,1,0,0,0,0,0,0,0,0,0,0,1,"Heavy Calves_Veaux lourds, Beef-Dairy Calves_Veaux de boucherie ou de race laitière, Veal_Veaux de boucherie, Light Calves_Veaux légers, Sheep_Moutons, Lambs_Agneaux, Goats_Chèvres, Beef_Boeuf, Heavy Calves_Veaux lourds, FP (Further Processing)_Établissements de transformation des viandes avec abattoir"
Aman's Abattoir Ltd.,175,"286 Main Street, Po Box 177",Wellington,ON,K0K 3L0,(613) 922-2001,43.95201,-77.35156,1,1,1,1,0,1,0,0,0,0,0,1,0,0,1,"Light Calves_Veaux légers, Veal_Veaux de boucherie, Heavy Calves_Veaux lourds, Beef-Dairy Calves_Veaux de boucherie ou de race laitière, Beef_Boeuf, Pigs_Porcs, Sheep_Moutons, Lambs_Agneaux, Goats_Chèvres, Bison_Bison, Ratites, Beef_Boeuf, FP (Further Processing)_Établissements de transformation des viandes avec abattoir"
Hilts Butcher Shop Ltd.,182,"1948 7Th Line, Asphodel, Rr 3",Norwood,ON,K0L 2V0,(705) 696-2172,44.34786,-77.99855,1,1,1,1,0,1,1,1,1,1,1,0,0,0,1,"Fowl_Oiseaux de basse-cour, Beef_Boeuf, Beef-Dairy Calves_Veaux de boucherie ou de race laitière, Heavy Calves_Veaux lourds, Light Calves_Veaux légers, Pigs_Porcs, Fancy Poultry_Volaille à chair fine, Ducks_Canards, Geese_Oies, Turkeys_Dindes, Chicken_Poulet, Rabbits_Lapins, Bison_Bison, Water Buffalo_Buffle d’Inde, Goats_Chèvres, Lambs_Agneaux, Sheep_Moutons, Pigs_Porcs, FP (Further Processing)_Établissements de transformation des viandes avec abattoir"
Otonabee Meat Packers Ltd.,185,2043 Drummond Line,Peterborough,ON,K9J 6X4,(705) 743-8547,44.2905,-78.2412,1,0,1,1,0,1,0,0,0,0,0,0,0,0,1,"Pigs_Porcs, Light Calves_Veaux légers, Lambs_Agneaux, Beef_Boeuf, Beef-Dairy Calves_Veaux de boucherie ou de race laitière, Heavy Calves_Veaux lourds, Pigs_Porcs, FP (Further Processing)_Établissements de transformation des viandes avec abattoir"
Simcoe Street Meat Packers,191,18619 Simcoe St,Oakwood,ON,K0M 2M0,(416) 560-6595,44.32687,-78.99571,1,1,1,1,1,0,1,1,1,1,1,1,1,0,1,"Ducks_Canards, Beef_Boeuf, Beef-Dairy Calves_Veaux de boucherie ou de race laitière, Heavy Calves_Veaux lourds, Veal_Veaux de boucherie, Light Calves_Veaux légers, Lambs_Agneaux, Goats_Chèvres, Deer_Cerfs, Elk_Élans, Water Buffalo_Buffle d’Inde, Bison_Bison, Llama_Lama, Yak_Yacks, Fancy Poultry_Volaille à chair fine, Geese_Oies, Turkeys_Dindes, Fowl_Oiseaux de basse-cour, Chicken_Poulet, Rabbits_Lapins, Ratites, FP (Further Processing)_Établissements de transformation des viandes avec abattoir"
Ralph Bos Meats Ltd.,192,3742 Egremont Drive,Strathroy,ON,N7G 3H6,(519) 245-1574,43.00515,-81.61783,1,0,1,0,0,1,0,0,0,0,0,0,0,0,1,"Beef_Boeuf, Beef-Dairy Calves_Veaux de boucherie ou de race laitière, Heavy Calves_Veaux lourds, Veal_Veaux de boucherie, Light Calves_Veaux légers, Pigs_Porcs, Beef_Boeuf, FP (Further Processing)_Établissements de transformation des viandes avec abattoir"
Henderson's Meats,202,"13200 Mackenzie Rd., Rr 2",Chesterville,ON,K0C 1H0,(613) 448-3471,45.02789,-75.20632,1,1,1,1,1,1,0,0,0,0,0,0,0,0,1,"Pigs_Porcs, Light Calves_Veaux légers, Veal_Veaux de boucherie, Heavy Calves_Veaux lourds, Beef_Boeuf, Sheep_Moutons, Lambs_Agneaux, Goats_Chèvres, Deer_Cerfs, Water Buffalo_Buffle d’Inde, Bison_Bison, Pigs_Porcs, FP (Further Processing)_Établissements de transformation des viandes avec abattoir"
Bilal Farms Inc.,206,1926 Landry Street,Clarence Creek,ON,K0A 1N0,(613) 488-2268,45.49718,-75.21455,1,0,1,1,1,0,0,0,0,0,0,0,1,0,1,"Veal_Veaux de boucherie, Alpaca_Alpaga, Heavy Calves_Veaux lourds, Beef-Dairy Calves_Veaux de boucherie ou de race laitière, Beef_Boeuf, Light Calves_Veaux légers, Sheep_Moutons, Lambs_Agneaux, Goats_Chèvres, Deer_Cerfs, Llama_Lama, Veal_Veaux de boucherie, FP (Further Processing)_Établissements de transformation des viandes avec abattoir"
Thunder Bay Meat Processing Company (1986) Limited,209,4754 Oliver Road,Murillo,ON,P0T 2G0,(807) 935-2911,48.42,-89.47,1,1,1,1,0,1,0,0,0,0,1,0,0,0,1,"Veal_Veaux de boucherie, Beef-Dairy Calves_Veaux de boucherie ou de race laitière, Beef_Boeuf, Rabbits_Lapins, Bison_Bison, Goats_Chèvres, Lambs_Agneaux, Sheep_Moutons, Pigs_Porcs, Veal_Veaux de boucherie, FP (Further Processing)_Établissements de transformation des viandes avec abattoir"
Reiche Meat Products Ltd.,222,"555 Reiche Road, Rr 3",Pembroke,ON,K8A 6W4,(613) 732-3773,45.6689,-77.10378,1,1,1,1,1,1,0,0,0,0,1,0,1,0,1,"Pigs_Porcs, Sheep_Moutons, Light Calves_Veaux légers, Veal_Veaux de boucherie, Heavy Calves_Veaux lourds, Beef-Dairy Calves_Veaux de boucherie ou de race laitière, Beef_Boeuf, Lambs_Agneaux, Goats_Chèvres, Deer_Cerfs, Elk_Élans, Bison_Bison, Llama_Lama, Alpaca_Alpaga, Rabbits_Lapins, Pigs_Porcs, FP (Further Processing)_Établissements de transformation des viandes avec abattoir"
Desormeaux Meats Incorporated,223,"1 Queen Street, Po Box 112",Crysler,ON,K0A 1R0,(613) 987-2148,45.2187,-75.15355,1,0,1,1,0,1,0,0,0,0,0,0,0,0,1,"Pigs_Porcs, Goats_Chèvres, Light Calves_Veaux légers, Heavy Calves_Veaux lourds, Beef-Dairy Calves_Veaux de boucherie ou de race laitière, Beef_Boeuf, Sheep_Moutons, Lambs_Agneaux, Pigs_Porcs, FP (Further Processing)_Établissements de transformation des viandes avec abattoir"
Northorizon Abattoir,224,290 Deplonty Road,Bruce Mines,ON,P0R 1C0,(705) 941-8132,46.33306,-83.85394,1,1,1,1,1,1,1,1,1,1,1,0,1,0,1,"Fancy Poultry_Volaille à chair fine, Ducks_Canards, Turkeys_Dindes, Fowl_Oiseaux de basse-cour, Chicken_Poulet, Rabbits_Lapins, Alpaca_Alpaga, Bison_Bison, Water Buffalo_Buffle d’Inde, Deer_Cerfs, Goats_Chèvres, Lambs_Agneaux, Sheep_Moutons, Pigs_Porcs, Light Calves_Veaux légers, Veal_Veaux de boucherie, Heavy Calves_Veaux lourds, Beef-Dairy Calves_Veaux de boucherie ou de race laitière, Beef_Boeuf, Fancy Poultry_Volaille à chair fine, FP (Further Processing)_Établissements de transformation des viandes avec abattoir"
Brian Quinn's Meat Ltd.,225,"3988 County Rd. #1, Rr 2",Yarker,ON,K0K 3N0,(613) 377-6430,44.36204,-76.77703,1,1,1,1,0,1,0,0,0,0,1,0,1,0,1,"Beef_Boeuf, Rabbits_Lapins, Alpaca_Alpaga, Yak_Yacks, Bison_Bison, Goats_Chèvres, Lambs_Agneaux, Sheep_Moutons, Pigs_Porcs, Light Calves_Veaux légers, Veal_Veaux de boucherie, Heavy Calves_Veaux lourds, Beef-Dairy Calves_Veaux de boucherie ou de race laitière, Beef_Boeuf, FP (Further Processing)_Établissements de transformation des viandes avec abattoir"
Zehr's Country Market,230,70963 Bronson Line,Dashwood,ON,N0M 1N0,(519) 237-3668,43.33511,-81.63409,1,1,1,1,1,1,0,0,0,0,0,0,0,0,1,"Pigs_Porcs, Light Calves_Veaux légers, Veal_Veaux de boucherie, Heavy Calves_Veaux lourds, Beef-Dairy Calves_Veaux de boucherie ou de race laitière, Beef_Boeuf, Bison_Bison, Water Buffalo_Buffle d’Inde, Deer_Cerfs, Goats_Chèvres, Lambs_Agneaux, Sheep_Moutons, Pigs_Porcs, FP (Further Processing)_Établissements de transformation des viandes avec abattoir"
Creative Meats,236,"7437 Hwy 17, Rr 1",Warren,ON,P0H 2N0,(705) 967-2006,46.45128,-80.39951,1,1,1,1,1,1,0,0,0,0,1,1,1,0,1,"Pigs_Porcs, Beef_Boeuf, Alpaca_Alpaga, Ratites, Llama_Lama, Bison_Bison, Elk_Élans, Deer_Cerfs, Goats_Chèvres, Rabbits_Lapins, Beef-Dairy Calves_Veaux de boucherie ou de race laitière, Heavy Calves_Veaux lourds, Light Calves_Veaux légers, Sheep_Moutons, Lambs_Agneaux, FP (Further Processing)_Établissements de transformation des viandes avec abattoir"
Al Madina Halal Meat Packers,237,3944 Carman Road,Brinston,ON,K0E 1C0,(613) 652-1301,44.9285,-75.42078,1,1,1,1,1,0,0,0,0,0,0,0,1,0,1,"Light Calves_Veaux légers, Veal_Veaux de boucherie, Sheep_Moutons, Lambs_Agneaux, Goats_Chèvres, Deer_Cerfs, Water Buffalo_Buffle d’Inde, Bison_Bison, Llama_Lama, Alpaca_Alpaga, Beef_Boeuf, Beef-Dairy Calves_Veaux de boucherie ou de race laitière, Heavy Calves_Veaux lourds, Light Calves_Veaux légers, FP (Further Processing)_Établissements de transformation des viandes avec abattoir"
Dresden Meat Packers Limited,242,"R.R. #2, 78 Hwy, 10210 Mccreary Line",Dresden,ON,N0P 1M0,(519) 683-2585,42.60097,-82.18529,1,0,0,1,0,1,0,0,0,0,0,0,1,0,1,"Alpaca_Alpaga, Beef_Boeuf, Lambs_Agneaux, Sheep_Moutons, Pigs_Porcs, Goats_Chèvres, FP (Further Processing)_Établissements de transformation des viandes avec abattoir"
A-Mar Meats,246,1981 Red Deer Road E.,Val Gagne,ON,P0K 1W0,(705) 232-6328,48.59478,-80.57892,1,1,1,1,1,1,1,1,1,1,1,0,1,0,1,"Fancy Poultry_Volaille à chair fine, Ducks_Canards, Geese_Oies, Turkeys_Dindes, Fowl_Oiseaux de basse-cour, Chicken_Poulet, Rabbits_Lapins, Alpaca_Alpaga, Yak_Yacks, Bison_Bison, Elk_Élans, Deer_Cerfs, Goats_Chèvres, Lambs_Agneaux, Sheep_Moutons, Pigs_Porcs, Light Calves_Veaux légers, Veal_Veaux de boucherie, Heavy Calves_Veaux lourds, Beef-Dairy Calves_Veaux de boucherie ou de race laitière, Beef_Boeuf, Beef_Boeuf, FP (Further Processing)_Établissements de transformation des viandes avec abattoir"
Rainy River District Regional Abattoir Inc.,256,"Box 299, 26 Byng Street",Emo,ON,P0W 1E0,(807) 482-3028,48.63617,-93.8371,1,1,1,1,1,1,1,1,1,1,1,0,0,0,1,"Bison_Bison, Elk_Élans, Goats_Chèvres, Beef_Boeuf, Sheep_Moutons, Pigs_Porcs, Heavy Calves_Veaux lourds, Rabbits_Lapins, Chicken_Poulet, Turkeys_Dindes, Geese_Oies, Ducks_Canards, Fancy Poultry_Volaille à chair fine, Lambs_Agneaux, FP (Further Processing)_Établissements de transformation des viandes avec abattoir"
Hay's Custom Cutting,257,"2958 4Th Line, Rr 5",Campbellford,ON,K0L 1L0,(705) 653-3388,44.30641,-77.67397,1,1,1,1,1,1,0,0,0,0,0,0,0,0,1,"Bison_Bison, Water Buffalo_Buffle d’Inde, Elk_Élans, Goats_Chèvres, Lambs_Agneaux, Sheep_Moutons, Pigs_Porcs, Light Calves_Veaux légers, Heavy Calves_Veaux lourds, Beef-Dairy Calves_Veaux de boucherie ou de race laitière, Beef_Boeuf, Beef_Boeuf, FP (Further Processing)_Établissements de transformation des viandes avec abattoir"
Beverly Creek,259,385 Concession 6 East,Millgrove,ON,L8B 1M2,(905) 690-8111,43.36732,-79.92622,1,1,1,1,1,0,0,0,0,0,0,0,1,0,1,"Alpaca_Alpaga, Beef_Boeuf, Llama_Lama, Bison_Bison, Water Buffalo_Buffle d’Inde, Elk_Élans, Deer_Cerfs, Goats_Chèvres, Lambs_Agneaux, Sheep_Moutons, Light Calves_Veaux légers, Veal_Veaux de boucherie, Heavy Calves_Veaux lourds, Beef-Dairy Calves_Veaux de boucherie ou de race laitière, Yak_Yacks, FP (Further Processing)_Établissements de transformation des viandes avec abattoir"
Joe Savage & Fils Abattoir Inc.,262,C.P. 28 - 113 Rue Principale,St-Albert,ON,K0A 3C0,(613) 987-2070,45.25455,-75.12417,1,0,1,1,0,0,0,0,0,0,0,0,0,0,1,"Beef_Boeuf, Beef-Dairy Calves_Veaux de boucherie ou de race laitière, Heavy Calves_Veaux lourds, Veal_Veaux de boucherie, Light Calves_Veaux légers, Sheep_Moutons, Lambs_Agneaux, Goats_Chèvres, Beef_Boeuf, FP (Further Processing)_Établissements de transformation des viandes avec abattoir"
Vanessa Meats & Deli Inc.,265,1728 Norfolk County Rd19 West,Vanessa,ON,N0E 1R0,(519) 446-3897,42.9725,-80.37549,1,1,1,1,1,1,0,0,0,0,0,0,1,0,1,"Elk_Élans, Deer_Cerfs, Goats_Chèvres, Lambs_Agneaux, Sheep_Moutons, Pigs_Porcs, Light Calves_Veaux légers, Water Buffalo_Buffle d’Inde, Bison_Bison, Llama_Lama, Yak_Yacks, Alpaca_Alpaga, Beef_Boeuf, Beef-Dairy Calves_Veaux de boucherie ou de race laitière, Heavy Calves_Veaux lourds, Veal_Veaux de boucherie, Veal_Veaux de boucherie, FP (Further Processing)_Établissements de transformation des viandes avec abattoir"
Taylor's Custom Meats,266,"11544 Northumberland Rd. 29, Rr 4",Roseneath,ON,K0K 2X0,(905) 352-2367,44.14055,-78.05805,1,1,1,1,0,1,0,0,0,0,0,0,0,0,1,"Goats_Chèvres, Lambs_Agneaux, Sheep_Moutons, Pigs_Porcs, Light Calves_Veaux légers, Heavy Calves_Veaux lourds, Beef-Dairy Calves_Veaux de boucherie ou de race laitière, Beef_Boeuf, Bison_Bison, FP (Further Processing)_Établissements de transformation des viandes avec abattoir"
Matar  Meats,274,"2690 Stagecoach Road, Rr 1",Osgoode,ON,K0A 2W0,(613) 821-7929,45.19164,-75.56825,1,0,1,1,1,0,0,0,0,0,0,0,1,0,1,"Deer_Cerfs, Lambs_Agneaux, Sheep_Moutons, Light Calves_Veaux légers, Veal_Veaux de boucherie, Heavy Calves_Veaux lourds, Beef-Dairy Calves_Veaux de boucherie ou de race laitière, Beef_Boeuf, Goats_Chèvres, Llama_Lama, FP (Further Processing)_Établissements de transformation des viandes avec abattoir"
Bentinck Packers Limited,275,"381488 Concession 4 Ndr, Rr 3",Hanover,ON,N4N 3B9,(519) 364-3538,44.19687,-80.98292,1,1,1,1,0,1,0,0,0,0,0,0,1,0,1,"Bison_Bison, Pigs_Porcs, Lambs_Agneaux, Sheep_Moutons, Light Calves_Veaux légers, Veal_Veaux de boucherie, Heavy Calves_Veaux lourds, Beef-Dairy Calves_Veaux de boucherie ou de race laitière, Beef_Boeuf, Llama_Lama, Alpaca_Alpaga, Goats_Chèvres, FP (Further Processing)_Établissements de transformation des viandes avec abattoir"
Rua Meats,277,"275 Frankford Road, Rr 1",Foxboro,ON,K0K 2B0,(647) 990-5090,44.2335,-77.4451,1,1,1,1,0,1,0,0,0,0,1,0,0,0,1,"Lambs_Agneaux, Sheep_Moutons, Pigs_Porcs, Light Calves_Veaux légers, Heavy Calves_Veaux lourds, Beef-Dairy Calves_Veaux de boucherie ou de race laitière, Beef_Boeuf, Rabbits_Lapins, Water Buffalo_Buffle d’Inde, Goats_Chèvres, FP (Further Processing)_Établissements de transformation des viandes avec abattoir"
Cole Bros. Meat Processing,278,"134 Old Milford Rd, Rr 9",Picton,ON,K0K 2T0,(613) 476-6955,43.9986,-77.10926,1,0,1,1,0,1,0,0,0,0,0,0,0,0,1,"Pigs_Porcs, Beef_Boeuf, Lambs_Agneaux, Sheep_Moutons, Heavy Calves_Veaux lourds, Goats_Chèvres, FP (Further Processing)_Établissements de transformation des viandes avec abattoir"
L & M Meats Distributing Inc.,285,233 Patterson Street North,Beeton,ON,L0G 1A0,(416) 827-7434,44.08797,-79.7827,1,0,1,1,1,1,0,0,0,0,1,0,1,0,1,"Beef_Boeuf, Beef-Dairy Calves_Veaux de boucherie ou de race laitière, Heavy Calves_Veaux lourds, Veal_Veaux de boucherie, Light Calves_Veaux légers, Pigs_Porcs, Sheep_Moutons, Lambs_Agneaux, Goats_Chèvres, Deer_Cerfs, Elk_Élans, Llama_Lama, Alpaca_Alpaga, Rabbits_Lapins, Beef-Dairy Calves_Veaux de boucherie ou de race laitière, FP (Further Processing)_Établissements de transformation des viandes avec abattoir"
Palmateer's Abattoir Ltd.,286,2253 River Street West,Tweed,ON,KOK 3J0,(613) 478-3801,44.47174,-77.32517,1,1,1,1,0,1,0,0,0,0,0,0,1,0,1,"Alpaca_Alpaga, Beef_Boeuf, Beef-Dairy Calves_Veaux de boucherie ou de race laitière, Heavy Calves_Veaux lourds, Light Calves_Veaux légers, Pigs_Porcs, Sheep_Moutons, Lambs_Agneaux, Goats_Chèvres, Llama_Lama, Water Buffalo_Buffle d’Inde, FP (Further Processing)_Établissements de transformation des viandes avec abattoir"
Newmarket Meat Packers Ltd.,297,15452 Warden Ave.,Newmarket,ON,L4A 2V6,(905) 836-7001,44.0257,-79.37329,1,0,1,1,0,0,0,0,0,0,0,0,0,0,1,"Goats_Chèvres, Lambs_Agneaux, Sheep_Moutons, Beef_Boeuf, Veal_Veaux de boucherie, Heavy Calves_Veaux lourds, Veal_Veaux de boucherie, FP (Further Processing)_Établissements de transformation des viandes avec abattoir"
Birch Lake Abattoir,299,"556 Birch Lake Road, Rr 3",Massey,ON,P0P 1P0,(705) 865-1366,46.24868,-82.0479,1,1,1,1,0,1,1,1,1,1,1,0,1,0,1,"Llama_Lama, Bison_Bison, Goats_Chèvres, Lambs_Agneaux, Sheep_Moutons, Pigs_Porcs, Light Calves_Veaux légers, Veal_Veaux de boucherie, Heavy Calves_Veaux lourds, Beef-Dairy Calves_Veaux de boucherie ou de race laitière, Beef_Boeuf, Fancy Poultry_Volaille à chair fine, Ducks_Canards, Geese_Oies, Turkeys_Dindes, Fowl_Oiseaux de basse-cour, Chicken_Poulet, Rabbits_Lapins, Alpaca_Alpaga, FP (Further Processing)_Établissements de transformation des viandes avec abattoir"
Wall's Pork Shop,300,178 Wall St,Oxdrift,ON,P0V 2J0,(807) 937-4357,49.75567,-92.99291,1,0,1,1,0,1,0,0,0,0,1,0,0,0,1,"Rabbits_Lapins, Beef_Boeuf, Lambs_Agneaux, Sheep_Moutons, Pigs_Porcs, Light Calves_Veaux légers, Veal_Veaux de boucherie, Heavy Calves_Veaux lourds, Beef-Dairy Calves_Veaux de boucherie ou de race laitière, Goats_Chèvres, FP (Further Processing)_Établissements de transformation des viandes avec abattoir"
Belle Vallee,303,982125 Belle Vallee Road,Belle Vallee,ON,P0J 1A0,(705) 647-7419,47.6542,-79.60578,1,1,1,1,0,1,1,1,1,1,1,0,0,0,1,"Beef_Boeuf, Pigs_Porcs, Fancy Poultry_Volaille à chair fine, Ducks_Canards, Geese_Oies, Turkeys_Dindes, Fowl_Oiseaux de basse-cour, Chicken_Poulet, Rabbits_Lapins, Bison_Bison, Water Buffalo_Buffle d’Inde, Goats_Chèvres, Lambs_Agneaux, Sheep_Moutons, Light Calves_Veaux légers, Veal_Veaux de boucherie, Heavy Calves_Veaux lourds, Beef-Dairy Calves_Veaux de boucherie ou de race laitière, Beef_Boeuf, FP (Further Processing)_Établissements de transformation des viandes avec abattoir"
Hastings Meat Market,304,"570 Moira Rd., Rr2",Stirling,ON,K0K 3E0,(613) 395-0505,44.34413,-77.45308,1,1,1,1,0,1,0,0,0,0,0,1,0,0,1,"Ratites, Beef_Boeuf, Goats_Chèvres, Lambs_Agneaux, Sheep_Moutons, Pigs_Porcs, Light Calves_Veaux légers, Veal_Veaux de boucherie, Heavy Calves_Veaux lourds, Beef-Dairy Calves_Veaux de boucherie ou de race laitière, Water Buffalo_Buffle d’Inde, FP (Further Processing)_Établissements de transformation des viandes avec abattoir"
Teal's Pure Pork Sausage,309,"1812 Thompson Road East, Rr 5",Waterford,ON,N0E 1Y0,(905) 730-5664,42.94279,-80.17094,1,1,1,1,1,1,0,0,0,0,0,1,1,0,1,"Pigs_Porcs, Alpaca_Alpaga, Ratites, Llama_Lama, Bison_Bison, Water Buffalo_Buffle d’Inde, Deer_Cerfs, Goats_Chèvres, Lambs_Agneaux, Sheep_Moutons, Light Calves_Veaux légers, Veal_Veaux de boucherie, Heavy Calves_Veaux lourds, Beef-Dairy Calves_Veaux de boucherie ou de race laitière, Beef_Boeuf, Beef_Boeuf, FP (Further Processing)_Établissements de transformation des viandes avec abattoir"
Farmersville Community Abattoir,311,63 Addison Rd,Athens,ON,K0E 1B0,(613) 851-0036,44.64278,-75.91,1,0,1,1,0,1,0,0,0,0,0,0,1,0,1,"Pigs_Porcs, Beef_Boeuf, Beef-Dairy Calves_Veaux de boucherie ou de race laitière, Heavy Calves_Veaux lourds, Veal_Veaux de boucherie, Sheep_Moutons, Alpaca_Alpaga, Goats_Chèvres, Lambs_Agneaux, FP (Further Processing)_Établissements de transformation des viandes avec abattoir"
Limestone Island Abattoir Inc.,312,3120 Monument Road,Providence Bay,ON,P0P 1T0,(289) 380-1054,45.67598,-82.24,1,1,1,1,1,1,0,0,0,0,0,0,0,0,1,"Beef_Boeuf, Bison_Bison, Beef-Dairy Calves_Veaux de boucherie ou de race laitière, Heavy Calves_Veaux lourds, Light Calves_Veaux légers, Pigs_Porcs, Sheep_Moutons, Lambs_Agneaux, Goats_Chèvres, Deer_Cerfs, Beef_Boeuf, FP (Further Processing)_Établissements de transformation des viandes avec abattoir"
Pine Ridge Meat Packers,598,917 Little Britain Road,Little Britain,ON,K0M 2C0,(416) 857-8723,44.28493,-78.87493,1,1,1,1,0,0,0,0,0,0,0,0,0,0,1,"Sheep_Moutons, Veal_Veaux de boucherie, Heavy Calves_Veaux lourds, Beef-Dairy Calves_Veaux de boucherie ou de race laitière, Beef_Boeuf, Light Calves_Veaux légers, Water Buffalo_Buffle d’Inde, Goats_Chèvres, Lambs_Agneaux, FP (Further Processing)_Établissements de transformation des viandes avec abattoir"
Al-Mashriq Halal Farm,608,S1255 Durham Road 13,Sunderland,ON,L0C 1H0,(647) 286-0881,44.2645,-79.04255,1,0,1,1,0,0,0,0,0,0,0,0,1,0,1,"Beef_Boeuf, Beef-Dairy Calves_Veaux de boucherie ou de race laitière, Heavy Calves_Veaux lourds, Veal_Veaux de boucherie, Light Calves_Veaux légers, Sheep_Moutons, Lambs_Agneaux, Llama_Lama, Goats_Chèvres, FP (Further Processing)_Établissements de transformation des viandes avec abattoir"
